drugbank_id,smiles,target_name,yolo_pred,cnn_pred,vit_pred
DB04662,[H][C@@](CC)(CO)NC1=NC2=C(N=CN2C(C)C)C(NCC2=CC=CC=C2O)=N1,CDK2,35,36,36
DB07358,CN1C=NN=C1SC1=CC=C(N)C(=C1)C(=O)NC1=NC(C)=CS1,CDK2,35,36,36
DB06991,[H][C@@](C)(CC)NC1=NC=C(S1)C(=O)NC1=C(C)C=CC(=C1)C(=O)NC,CDK2,35,35,36
DB03307,NC1=NC=NC(NC2=CC=C(C=C2)S(N)(=O)=O)=C1,CDK2,36,36,34
DB08133,NS(=O)(=O)C1=CC=C(NC(=O)C2=NNC3=C2C=CC=C3)C=C1,CDK2,34,36,36
DB12588,C[C@H](NC1=NC=C(Cl)C(NC2=NNC(C)=C2)=N1)C1=NC=C(F)C=N1,CDK2,36,34,36
DB04301,NC(=N)C1=CC2=C(C=C1)N=C(N2)C(O)(O)C1=NC2=C(N1)C=C(C=C2)C([NH3+])=[NH2+],CDK2,34,35,36
DB12269,CC(C)(CO)N1C=C(C(=O)C2=CC(NC(=O)CC3=CC=C(Cl)C=N3)=CN=C2)C2=CN=C(N)N=C12,CDK2,34,36,34
DB12690,CN1C=C(N=C1C1CCN(CC1)C1=C2C=NNC2=NC=N1)C1=CC=C(F)C(=C1)C(F)(F)F,AKT1,36,36,36
DB07124,[H][C@@](N)(COC1=CN=CC(=C1)C1=NCC2=NN=CC2=C1)CC1=C2C=CCC=C2N=C1,AKT1,35,36,36
DB06977,[H][C@@](N)(COC1=CN=CC(=C1)C1=CC2=CNN=C2C=C1)CC1=C2C=CC=CC2([H])N=C1,AKT1,34,36,36
DB14955,CO[C@@H]1COCC[C@@H]1N[C@@H]1CC[C@](C1)(C(C)C)C(=O)N1C[C@@H]2C[C@H]1CN2C1=NC=NC(=C1)C(F)(F)F,AKT1,34,34,36
